ts_code,year,营业总收入(亿),净利润(亿),股本(万),每股分红,分红金额(亿),分红率,净利润率
000333.SZ,2021,3433.6082,283.6657,686551.1138,1.7008943,116.7751,41.17,8.26
000333.SZ,2020,2857.0973,263.8552,691396.8359,1.6005847,110.6639,41.94,9.24
000333.SZ,2019,2793.8051,244.9437,695718.1058,1.6,111.3149,45.45,8.77
000333.SZ,2018,2618.1964,191.4332,656582.7689,1.303962,85.6159,44.72,7.31
000333.SZ,2017,2419.189,170.2587,658402.2574,1.2,79.0083,46.4,7.04
000333.SZ,2016,1598.417,157.6863,646567.7368,1.0,64.6568,41.0,9.87
000333.SZ,2015,1393.4712,124.0987,426739.1228,1.2,51.2087,41.26,8.91
000333.SZ,2014,1423.1097,100.0765,421580.8472,0.95,40.0502,40.02,7.03
000333.SZ,2013,1212.6518,53.0926,168632.3389,1.9,32.0401,60.35,4.38
