ts_code,year,营业总收入(亿),净利润(亿),股本(万),每股分红,分红金额(亿),分红率,净利润率
300630.SZ,2021,15.0883,4.166,43515.1929,0.191803,0.8346,20.03,27.61
300630.SZ,2020,11.886,4.0745,43702.9279,0.187,0.8172,20.06,34.28
300630.SZ,2019,9.501,3.0115,28396.7745,0.21287,0.6045,20.07,31.7
300630.SZ,2018,6.239,1.8143,18317.643,0.21,0.3847,21.2,29.08
300630.SZ,2017,3.2483,0.984,12211.762,0.16,0.1954,19.86,30.29
